,ریشه,ستاک گذشته,ستاک حال,گفتار,نوشتار,گذرایی,معنی,اسم ابزار,پیشوند,گذشته محاوره,حال محاوره
0,آجیدن,آجید,آجین,False,True,گذرا,سوراخ و دندانه دار کردن ، بخیه زدن,False,,,
1,آچاردن,آچارد,آچار,False,True,,چاشنی و آچار به خوراک زدن، آمیختن، ترکیب کردن[۲۹],False,,,
2,آختن,آخت,آهنج یا آهاز,False,؟,,بیرون کشیدن,False,,,
3,آراستن,آراست,آرای,False,True,گذرا,آرایش دادن,False,,,
4,آرَستن,آرست,؟,؟,؟,,,False,,,
5,آرِستن,آرست,آر,؟,؟,,,False,,,
6,آردن,آرد,آر,؟,True,,,False,,,
7,آزدن,آزد,آز,False,True,,,False,,,
8,آزردن,آزرد,آزار,True,True,گذرا,,False,,,
9,آزمودن,آزمود,آزمای,؟,True,گذرا,,False,,,
10,آژدَن,آژد,آژن,False,True,,,False,,,
11,آژَندن,آژند,آژن,False,True,گذرا,,False,,,
12,آژَندیدن,آژندید,آژن,False,True,گذرا,,False,,,
13,آژیریدن[۳۰],آژیرید,آژیر,False,True,گذرا,هشیار کردن؛ خبردار کردن؛ اعلان کردن,False,,,
14,آسَغدن[۳۱],آسَغدن,آسَغ,؟,True,,مهیا کردن، فراهم کردن,False,,,
15,آسُغدن[۳۲],آسُغد,آسُغ,؟,True,,نیمه سوختن,False,,,
16,آسودن,آسود,آسای,؟,True,,,False,,,
17,آشامیدن[۳۳],آشامید,آشام,؟,True,گذرا,نوشیدن,False,,,
18,آشفتن,آشفت,آشوب,؟,؟,گذرا,,False,,,
19,آغازیدن,آغازید,آغاز,؟,؟,گذرا,,False,,,
20,آغالیدن,آغالید,آغال,؟,؟,گذرا,تحریک کردن، برانگیختن,False,,,
21,آغشتن,آغشت,آغار,؟,؟,گذرا,,False,,,
22,آغِستن [۳۴],آغِست,آغن,؟,؟,گذرا,پر کردن به زور، آکندن,False,,,
23,آغوشیدن/ آغوشتن[۳۵],آغوشید/آغوشت,آغوش,؟,؟,گذرا,در آغوش گرفتن,False,,,
24,آفریدن,آفرید,آفرین,True,True,گذرا,,False,,,
25,آفَندیدن[۳۶],آفندید,آفند,؟,True,,جنگ کردن، حمله کردن,False,,,
26,آکندن,آکند,آکن,True,True,گذرا,,False,,,
27,آگندن,آگند,آگن,؟,؟,,,False,,,
28,آگهیدن,آگهید,آگاه,؟,؟,,,False,,,
29,آگاهاندن,آگاهاند,آگاهان,False,False,گذرا,,False,,,
30,آگاهانیدن,آگاهانید,آگاهان,False,False,گذرا,,False,,,
31,آگیشیدن[۳۷],آگیشید,آگیش,False,False,گذرا,آویختن؛ درآویختن؛ آویزان شدن؛ پیچیدن,False,,,
32,آلودن,آلود,آلای,؟,؟,گذرا,,False,,,
33,آلُفتن[۳۸],آلُفت,آلوب,؟,؟,گذرا,آشفتن ، شوریده شدن,False,,,
34,آلیختن/آلیزیدن[۳۹],آلیختن/آلیزیدن,آلیز,؟,؟,گذرا,جفتک انداختن,False,,,
35,آمادن[۴۰],آماد,آمای,؟,؟,گذرا,آماده کردن,False,,,
36,آماردن,آمارد,آمار,؟,؟,,,False,,,
37,آماسیدن,آماسید,آماس,؟,؟,,ورم کردن,False,,,
38,آماهیدن[۴۱],آماهید,آماه,؟,؟,,,False,,,
39,آمدن,آمد,آی,True,True,,,False,, اومد, آ
40,آموختن,آموخت,آموز,؟,True,گذرا,,False,,,
41,آمودن,آمود,آمای,؟,؟,,,False,,,
42,آمیختن,آمیخت,آمیز,؟,True,گذرا,,False,,,
43,اَندمیدن[۴۲],اَندمید,اَندم,؟,True,,حسرت خوردن,False,,,
44,آوردن,آورد,آور,True,True,گذرا,,False,,, آر
45,آویختن,آویخت,آویز,؟,True,گذرا,,False,,,
46,آهنگیدن,آهنگید,آهنگ,False,False,,قصد کردن، اراده کردن برای کاری,False,,,
47,آهیختن,آهیخت,آهنج یا آهاز,False,False,,,False,,,
48,اَرزیدن,اَرزید,اَرز,True,True,,,False,,,
49,اَرغیدن[۴۳],اَرغید,اَرغ,False,؟,,خشمگین شدن، غضب کردن,False,,,
50,اَژَندیدن,اَژَندید,اَژَن,False,True,گذرا,,False,,,
51,اِشاندن[۴۴],اِشاند,اِشان,True,True,گذرا,,False,,,
52,اشنوسیدن[۴۵],اِشنوسید,اِشنوس,True,True,,عطسه کردن، اِشنوسه کردن,False,,,
53,اُفتادن/اُفتیدن,اُفتاد,اُفت,True,True,,,False,,,
54,اَفدیدن [۴۶],اَفدید,اَفد,X,True,گذرا,شگفتی کردن، تعجب کردن,False,,,
55,اَفراختن,اَفراخت,اَفراز,؟,؟,گذرا,,False,,,
56,اَفراشتن,اَفراشت,اَفراز,؟,True,گذرا,,False,,,
57,اَفروختن,اَفروخت,اَفروز,؟,True,گذرا,,False,,,
58,اَفزودن,اَفزود,اَفزا,True,True,گذرا,,False,,,
59,اَفژولیدن[۴۷],اَفژولید,اَفژول,True,True,گذرا,تحریک کردن,False,,,
60,اَفسُردن,اَفسُرد,اَفسُر,؟,؟,,,False,,,
61,اَفسودن/افساییدن[۴۸],اَفسود/اَفسایید,اَفسای,؟,؟,,جادو کردن,False,,,
62,اَفشاندن,اَفشاند,اَفشان,؟,؟,,,False,,,
63,اَفشُردن,اَفشُرد,اَفشُر,؟,؟,گذرا,,False,,,
64,اَفکَندن,اَفکَند,اَفکَن,False,True,گذرا,,False,,,
65,اَفگاردن[۴۹],اَفگارد,اَفگار,False,True,,زخمی کردن,False,,,
66,اَلفَنجیدن,اَلفَنجید,اَلفَنج,؟,؟,,,False,,,
67,اَلفَختن/اَلفاختن,اَلفَخت,اَلفاز,؟,؟,,,False,,,
68,اَلفیدن,اَلفید,؟,؟,؟,,,False,,,
69,اَنبازیدن,اَنبازید,اَنباز,؟,True,,شریک شدن،شراکت جُستن,False,,,
70,اَنباشتن,اَنباشت,اَنبار,؟,True,گذرا,,False,,,
71,اَنبودن,اَنبود,اَنبوی,؟,؟,,,False,,,
72,اَنبوسیدن,اَنبوسید,اَنبوس,؟,؟,,,False,,,
73,اَنبوشتن,اَنبوشت,اَنبوی,؟,؟,,,False,,,
74,اَنجالیدن[۵۰],اَنجالید,اَنجال,True,True,,,False,,,
75,اَنجامیدن,اَنجامید,اَنجام,True,True,,,False,,,
76,انجیدن[۵۱],اَنجید,اَنج,True,True,,,False,,,
77,اَنجیردن[۵۲],اَنجیرد,اَنجیرد,؟,True,گذرا,سوراخ کردن، سُفتن,False,,,
78,اَنداختن,اَنداخت,اَنداز,True,True,گذرا,,False,,,نداز
79,اَندَخسیدن[۵۳],اَندَخسید,اَندَخس,؟,True,گذرا,پناه گرفتن، پناه دادن,False,,,
80,اَندوختن,اَندوخت,اَندوز,؟,؟,گذرا,,False,,,
81,اَندودن,اَندود,اَندای,؟,؟,,,False,,,
82,اَندیشیدن,اَندیشید,اَندیش,True,True,,,False,,,
83,اِنگاشتن,اِنگاشت,اِنگار,؟,True,,,False,,,
84,اَنگیختن,اَنگیخت,اَنگیز,؟,؟,,,False,,,
85,اَوژَنیدن,اَوژَنید,اَوژَن,؟,True,گذرا,,False,,,
86,اَوباشتن,اَوباشت,اَوبار,False,False,,,False,,,
87,ایستادن,ایستاد,ایست,True,True,,,False,,,
88,ایستاندن,ایستاند,ایستان,True,True,گذرا,,False,,,
89,باختن,باخت,باز,True,True,گذرا,,False,,,
90,بازاندن,بازاند,بازان,True,True,,,False,,,
91,باریدن,بارید,بار,True,True,,,False,,,
92,باراندن,باراند,باران,؟,؟,,,False,,,
93,بازآمدن,بازآمد,بازآی,؟,؟,,,False,,,
94,بازخواستن,بازخواست,بازخواند,؟,؟,,,False,,,
95,بازگشتن,بازگشت,بازگرد,؟,؟,,,False,,,
96,باشیدن,باشید,باش,؟,؟,,,False,,,
97,بافتن,بافت,باف,True,True,گذرا,,False,,,
98,بالیدن,بالید,بال,True,True,,,False,,,
99,بایستن,بایست,بای,True,True,,,False,,,
100,بخشاییدن,بخشایید,بخشای,؟,؟,گذرا,,False,,,
101,بخشودن,بخشود,بخشای,؟,True,گذرا,,False,,,
102,بخشیدن,بخشید,بخش,True,True,گذرا,,False,,,
103,برازیدن,برازید,براز,؟,؟,,,False,,,
104,بردن,برد,بر,True,True,گذرا,,False,,,
105,برشتن,برشت,بریز/بریج,True,True,گذرا,,بریجَن [۵۴],,,
106,برشمیدن*[۵۵],برشمید,برشم,؟,True,گذرا,,False,,,
107,برگشتن,برگشت,برگرد,True,True,گذرا,,False,,,
108,برگاشتن,برگاشت,؟,True,True,گذرا,,False,,,
109,برنمودن,برنمود,برنمای,True,True,گذرا,مشخص کردن,False,,,
110,بریدن,برید,بر,True,True,گذرا,,False,,,
111,بستن,بست,بند,True,True,گذرا,,False,,,
112,بسودن/بساویدن,بسود/بساوید,بسای/بساو,False,False,,دست مالیدن؛ لمس کردن,False,,,
113,بسیجیدن,بسیجید,بسیج,True,True,گذرا/ناگذر,بسیج کردن؛ مهیا و آماده کردن؛ تدارک دیدن,False,,,
114,بسیدن,بسید,بس,?,?,,,False,,,
115,بلعیدن,بلعید,بلع,True,True,گذرا,,False,,,
116,بودن,بود,است,True,True,,,False,,,
117,بوسیدن,بوسید,بوس,True,True,گذرا,,False,,,
118,بوییدن,بویید,بوی,True,True,گذرا,,False,,,
119,بیشازیدن,بیشازید,بیشاز,؟,True,گذرا/ناگذر,درمان کردن، معالجه کردن؛ درمان شدن,False,,,
120,بیختن,بیختن,بیز,؟,؟,گذرا,الک کردن، غربال کردن,بیزن[۵۶],,,
121,بَیوسیدن,بیوسید,بیوس,؟,؟,,انتظار داشتن، چشم داشتن,False,,,
122,پاشاندن,پاشاند,پاشان,True,True,گذرا,,False,,,
123,پاشیدن,پاشید,پاش,True,True,گذرا,,False,,,
124,پالاییدن,پالایید,پالای,؟,؟,گذرا,,False,,,
125,پالودن,پالود,پالای,؟,؟,,,False,,,
126,پالیدن[۵۷],پالید,پال,True,؟,گذرا,,False,,,
127,پاییدن,پایید,پای,True,True,گذرا,,False,,,
128,پایستن,پایست,پای,True,True,گذرا,,False,,,
129,پختن,پخت,پز,True,True,گذرا,,False,,,
130,پذیرفتن,پذیرفت,پذیر,True,True,گذرا,,False,,,
131,پدافندیدن* [۵۸],پدافندید,پدافند,؟,True,,دفاع کردن,False,,,
132,پدرامیدن[۵۹],پدرامید,پدرام,؟,True,ناگذر,نیکو شدن، خرم شدن,False,,,
133,پذیراندن,پذیراند,پذیران,True,True,گذرا,,False,,,
134,پراکندن,پراکند,پراکن,؟,؟,گذرا,,False,,,
135,پراندن,پراند,پران,True,True,گذرا,,False,,,
136,پرتابیدن[۶۰],پرتابید,پرتاب,؟,True,گذرا,پرتاب کردن,False,,,
137,پرچیدن[۶۱],پرچید,پرچین,؟,True,گذرا,پرچ کردن,False,,,
138,پرداختن,پرداخت,پرداز,True,True,گذرا,,False,,,
139,پرستیدن,پرستید,پرست,True,True,گذرا,,False,,,
140,پرسیدن,پرسید,پرس,True,True,گذرا,,False,,,
141,پرماسیدن[۶۲],پرماسید,پرماس,True,True,گذرا,لمس کردن، با لمس متوجه شدن,False,,,
142,پرواسیدن[۶۳],پرواسید,پرواس,؟,؟,,خلاصی یافتن، فراغت یافتن,False,,,
143,پروردن,پرورد,پرور,؟,؟,گذرا,,False,,,
144,پرهیختن,پرهیخت,پرهیز,؟,؟,,,False,,,
145,پرهیزیدن,پرهیزید,پرهیز,؟,؟,,,False,,,
146,پریدن,پرید,پر,True,True,,,False,,,
147,پریشیدن,پریشید,پریش,True,True,,,False,,,
148,پزیدن,پزید,پز,؟,؟,,,False,,,
149,پژمردن,پژمرد,پژمر,True,True,,,False,,,
150,پژوهیدن,پژوهید,پژوه,True,True,,,False,,,
151,پرویختن[۶۴],پرویخت,پرویز,True,True,گذرا,بیختن، الک کردن,پَرویزَن[۶۵],,,
152,پسندیدن,پسندید,پسند,True,True,گذرا,,False,,,
153,پنافتن[۶۶]، [۶۷],پنافت,پنام,؟,؟,,جلوگیری کردن، مانع شدن,False,,,
154,پناهیدن,پناهید,پناه,؟,؟,,,False,,,
155,پنداریدن,پندارید,پندار,؟,؟,,,False,,,
156,پنداشتن,پنداشت,پندار,؟,True,,,False,,,
157,پنگاشتن[۶۸],پنگاشت,پنگار,؟,True,گذرا,ترسیم کردن، زمودن,False,,,
158,پوشیدن,پوشید,پوش,True,True,گذرا,,پوشَن,,,
159,پوشاندن,پوشاند,پوشان,True,True,گذرا,,False,,,
160,پیچاندن,پیچاند,پیچان,True,True,گذرا,,False,,,
161,پوکیدن,پوکید,پوک,True,True,گذرا,,False,,,
162,پوکاندن,پوکاند,پوکان,True,True,گذرا,,False,,,
163,پیچیدن,پیچیدن,پیچ,True,True,,,False,,,
164,پیچاندن,پیچاندن,پیچان,True,True,گذرا,,False,,,
165,پیراستن,پیراست,پیرای,؟,؟,گذرا,,False,,,
166,پیرانوشتن*,پیرانوشت,پیرانویس,؟,؟,گذرا,پیرانویسی کردن، حاشیه نویسی کردن، تقریظ کردن,False,,,
167,پیوستن,پیوست,پیوند,True,True,گذرا,,False,,,
168,پیونداندن,پیونداند,پیوندان,؟,؟,گذرا,,False,,,
169,پیماییدن,پیمایید,پیمای,؟,؟,گذرا,,False,,,
170,پیمودن,پیمود,پیمای,؟,True,گذرا,,False,,,
171,پیموختن,پیموخت,پیموز,؟,؟,گذرا,پوشیدن، بتن کردن,پیموزان,,,
172,تاختن,تاخت,تاز,؟,؟,,,False,,,
173,تاسیدن,تاسید,تاس,؟,؟,,,False,,,
174,تافتن,تافت,تاب,؟,؟,گذرا,,تاوَن[۶۹],,,
175,تاراندن[۷۰],تاراند,تاران,True,True,گذرا,تارومار کردن، متفرق کردن,False,,,
176,تبیدن,تبیدن,تب,؟,؟,گذرا,,False,,,
177,تپیدن,تپید,تپ,True,True,گذرا,,False,,,
178,تراشیدن,تراشید,تراش,True,True,گذرا,,False,,,
179,ترساندن,ترساند,ترسان,True,True,گذرا,,False,,,
180,ترسیدن,ترسید,ترس,True,True,گذرا,,False,,ترسوند,ترسون
181,ترکیدن,ترکید,ترک,True,True,,,False,,,
182,ترکاندن,ترکاند,ترکان,True,True,,,False,,,
183,تَکاندن,تَکاند,تَکان,True,True,,,False,,,
184,تَکیدن,تَکید,تَک,؟,True,,,False,,,
185,تَفیدن,تفید,تَف,True,True,,,False,,,
186,تفتیدن,تفتید,تفت,؟,True,,,False,,,
187,تَفتن,تَفت,تَب,True,True,,,False,,,
188,تَفسیدن,تَفسید,تَفس,؟,True,,,False,,,
189,تُمبیدن,تُمبید,تُمب,؟,؟,,,False,,,
190,تمرگیدن,تمرگید,تمرگ,؟,؟,,,False,,,
191,تنودن,تنود,تن,؟,؟,,,False,,,
192,تُندیدن,تندید,تند,؟,؟,گذرا,,False,,,
193,تَنجیدن,تَنجید,تَنج,؟,؟,,,False,,,
194,تنیدن,تنیدن,تن,؟,؟,,,False,,,
195,توانستن,توانست,توان,True,True,,,False,, تونست, تون
196,توختن,توخت,توز,؟,؟,,,False,,,
197,توریدن,تورید,تور,؟,؟,,,False,,,
198,توفیدن,توفید,توف,False,False,,,False,,,
199,تولیدن,تولید,تول,؟,؟,,,False,,,
200,تیغیدن,تیغید,تیغ,؟,؟,گذرا,,False,,,
201,جزیدن,جزید,جز,True,True,گذرا,,False,,,
202,جَستن,جست,جه,True,؟,,,False,,,
203,جُستن,جست,جوی,؟,؟,گذرا,,False,,,
204,جنباندن,جنباند,جنبان,؟,؟,گذرا,,False,,,
205,جنبانیدن,جنبانید,جنبان,؟,؟,گذرا,,False,,,
206,جنبیدن,جنبید,جنب,؟,؟,,,False,,,
207,جُندَن[۷۱],جُند,جُن,True,؟,,,False,,,
208,جنگیدن,جنگید,جنگ,True,True,,,False,,,
209,جوشاندن,جوشاند,جوشان,True,True,گذرا,,False,,,
210,جوشیدن,جوشید,جوش,True,True,,,False,,,
211,جَویدن,جَوید,جَو,True,True,,,False,,,
212,جوییدن,جویید,جوی,؟,؟,گذرا,,False,,,
213,جهیدن,جهید,جه,True,True,,,False,,,
214,چاشیدن[۷۲],چاشید,چاش,True,؟,,چشمداشت به چیزی داشتن,False,,,
215,چاقیدن,چاقید,چاق,؟,؟,,,False,,,
216,چاقیدن[۷۳],چاقید,چاق,؟,؟,,,False,,,
217,چامیدن,چامید,چام,؟,True,,,False,,,
218,چاویدن,چاوید,چاو,؟,؟,,,False,,,
219,چاییدن,چایید,چای,True,True,,,False,,,
220,چاپیدن,چاپید,چاپ,True,True,,,False,,,
221,چبسیدن,چبسید,چبس,؟,؟,,,False,,,
222,چخیدن,چخید,چخ,True,؟,,ستیزه کردن؛ کوشیدن؛ دشمنی ورزیدن,False,,,
223,چرخاندن,چرخاند,چرخان,True,True,گذرا,,False,,,
224,چرخیدن,چرخید,چرخ,True,True,,,False,,,
225,چرستیدن,چرستید,چرست,؟,؟,,دندان قروچه کردن، بهم زدن و بهم فشردن دندان,False,,,
226,چرنگیدن[۷۴],چرنگید,چرنگ,True,True,,صداکردن زنگ یا درای یا ابزار,False,,,
227,چَرویدن[۷۵],چَروید,چرو,True,True,,چاره جستن؛ تدبیر کردن,False,,,
228,چزاندن,چزاند,چزان,True,True,,,False,,,
229,چسباندن,چسباند,چسبان,True,True,گذرا,,False,,,
230,چسبیدن,چسبید,چسب,؟,؟,,,False,,,
231,چُسیدن,چسید,چس,True,True,,,False,,,
232,چشیدن,چشید,چش,True,True,گذرا,,False,,,
233,چِلِسکیدن,چِلِسکید,چِلِسک,True,؟,,,False,,,
234,چفسیدن,چفسید,چفس,؟,؟,,,False,,,
235,چَکَسیدن,چَکَسید,چَکَس,؟,؟,,,False,,,
236,چَمیدن,چَمید,چَم,؟,True,,,False,,,
237,چَوسیدن,چَوسید,چوس,؟,؟,,,False,,,
238,چیدن,چید,چین,True,True,,,False,,,
239,چیریدن,چیرید,چیر,True,True,,چیره شدن,False,,,
240,خاراندن,خاراند,خاران,True,True,گذرا,,False,,,
241,خاریدن,خارید,خار,True,True,,,False,,,
242,خاستن,خاست,خیز,False,True,,,False,,,
243,خاییدن,خایید,خای,؟,؟,,,False,,,
244,خراشاندن,خراشاند,خراشان,؟,؟,,,False,,,
245,خراشیدن,خراشید,خراش,؟,؟,,,False,,,
246,خرامیدن,خرامید,خرام,؟,؟,,,False,,,
247,خروشیدن,خروشید,خروش,False,True,,,False,,,
248,خریدن,خرید,خر,True,True,گذرا,,False,,,
249,خزیدن,خزید,خز,True,True,,,False,,,
250,خسبیدن,خسبید,خسب,؟,؟,,,False,,,
251,خَسپیدن,خسپید,خسپ,؟,؟,,,False,,,
252,خُسپیدن,خسپید,خسپ,؟,؟,,,False,,,
253,خُسپیدن,خسپید,خسپ,؟,؟,,,False,,,
254,خَستودن,خَستودن,خَستای,False,False,گذرا,اعتراف کردن، خَستود شدن,False,,,
255,خُفتن,خُفت,خواب,؟,؟,,,False,,,
256,خَفیدن/خَپیدن[۷۶]، [۷۷],خفید/خپید,خف/خپ,False,False,,دم زدن، خفه شدن، سخت نفس کشیدن، نفس نفس زدن، سرفه کردن,False,,,
257,خَلیدن,خلید,خل,False,False,,,False,,,
258,خندیدن,خندید,خند,True,True,,,False,,,
259,خنداندن,خنداند,خندان,True,True,گذرا,,False,,, خندون
260,خٌنیدن,خٌنید,خٌن,True,True,گذرا,,False,,,
261,خواباندن,خواباند,خوابان,True,True,,,False,,خوابوند خابوند,
262,خوابیدن,خوابید,خواب,True,True,,,False,,,
263,خواستن,خواست,خواه,True,True,گذرا,,False,, خاست, خوا خا
264,خواندن,خواند,خوان,True,True,گذرا,,False,, خوند, خون
265,خوراندن,خوراند,خوران,True,True,گذرا,,False,,,
266,خوردن,خورد,خور,True,True,گذرا,,False,,,
267,خفسیدن,خفسید,خفس,؟,؟,,,False,,,
268,خوستن,خوست,خوَس,؟,؟,,,False,,,
269,خوسیدن,خوسید,خوس,؟,؟,,,False,,,
270,خُوسیدن[۷۸],خوسید,خوس,؟,؟,,,False,,,
271,خوفیدن,خوفید,خوف,False,False,,,False,,,
272,دادن,داد,ده,True,True,گذرا,,False,,, د
273,داشتن,داشت,دار,True,True,گذرا,,False,,,
274,دامیدن,دامید,دام,True,True,گذرا,افشاندن برای پالودن چیزی,False,,,
275,دانستن,دانست,دان,True,True,گذرا,,False,,دونست, دون
276,داویدن,داویدن,داو,True,؟,,مدعی بودن,False,,,
277,درازیدن,درازید,دراز,؟,؟,,,False,,,
278,دراییدن,درایید,درای,؟,؟,,,False,,,
279,درزیدن[۷۹],درزید,درز,؟,؟,گذرا,دوختن,درزن[۸۰],,,
280,درخشیدن,درخشید,درخش,True,True,,,False,,,
281,درفشیدن,درفشید,درفش,True,True,,,False,,,
282,درنجیدن,درنجید,درنج,True,True,ناگذر,صحبت کردن,False,,,
283,دروشیدن,دروشید,دروش,True,True,,,False,,,
284,درودن,درود,درو,؟,؟,,,False,,,
285,درویدن,دروید,درو,؟,؟,,,False,,,
286,دریدن,درید,در,True,True,,,False,,,
287,دزدیدن,دزدید,دزد,True,True,گذرا,,False,,,
288,دِگَراندن*,دگراند,دگران,؟,True,گذرا,تغییر دادن، عوض کردن به چیزی,False,,,
289,دِگَریدن*,دگرید,دگر,؟,True,ناگذر/گذرا,تغییر یافتن، عوض شدن به چیزی,False,,,
290,دواندن,دواند,دوان,؟,؟,گذرا,,False,,,
291,دوختن,دوخت,دوز,True,True,گذرا,,False,,,
292,دوسیدن,دوسید,دوس,؟,؟,,,False,,,
293,دوشیدن,دوشید,دوش,True,True,گذرا,,False,,,
294,دویدن,دوید,دو,True,True,,,False,,,
295,دیدن,دید,بین,True,True,گذرا,,False,,,
296,راندن,راند,ران,؟,؟,گذرا,,False,, روند, رون
297,ربودن,ربود,ربای,؟,؟,گذرا,,False,,,
298,رخشیدن,رخشید,رخش,؟,؟,,,False,,,
299,رخیدن,رخید,رخ,؟,؟,گذرا,,False,,,
300,رَزیدن,رزید,رَز,؟,؟,,,False,,,
301,رندیدن,رندید,رند,؟,؟,گذرا,رنده کردن,False,,,
302,رساندن,رساند,رسان,؟,؟,گذرا,,False,,رسوند,رسون
303,رَستن,رست,ره,؟,؟,,,False,,,
304,رُستن,رست,روی,؟,؟,,,False,,,
305,رسیدن,رسید,رس,True,True,,,False,,,
306,رِشتن,رشت,ریس,؟,؟,,,رَسَن,,,
307,رُشتن,رشت,؟,؟,؟,,,False,,,
308,رَفتن,رفت,رو,True,True,,,False,,, ر
309,رُفتن,رفت,روب,؟,؟,,,False,,,
310,رقصیدن,رقصید,رقص,True,True,,,False,,,
311,روزیدن/روژیدن [۸۱],روزید/روژید,روز/روژ,؟,؟,,روشنایی دادن,روزَن [۸۲],,,
312,رویاندن,رویاند,رویان,؟,؟,,,False,,,
313,رمبیدن,رمبید,رمب,؟,؟,,,False,,,
314,رمبیدن,رمبید,رمب,؟,؟,,,False,,,
315,روبیدن,روبید,روب,؟,؟,,,False,,,
316,روییدن,رویید,روی,؟,؟,,,False,,,
317,ریختن,ریخت,ریز,True,True,,,False,,,
318,ریدن,رید,رین، ری,True,True,,,False,,,
319,زادن,زاد,زای,؟,؟,,,False,,,
320,زاریدن,زارید,زار,False,False,,,False,,,
321,زائیدن,زائید,زای,؟,؟,,,False,,,
322,زدن,زد,زن,True,True,,,False,,,
323,زدودن,زدود,زدای,؟,؟,,,False,,,
324,زَمودن[۸۳],زَمود,زمای,؟,؟,گذرا,نقش و نگار کردن,False,,,
325,زَمیدن,زَمید,؟,؟,؟,,,False,,,
326,زنگیدن[نیازمند منبع],زنگید,زنگ,؟,؟,,,False,,,
327,زنهاریدن[۸۴],زنهارید,زنهار,؟,؟,گذرا,امان دادن,False,,,
328,زنودن/زنوییدن [۸۵],زنود/زنویید,زنوی,؟,؟,ناگذر,موییدن؛ زوزه کشیدن,False,,,
329,زیبیدن,زیبید,زیب,؟,؟,,,False,,,
330,زیفتن,زیفت,زیب,True,True,,,False,,,
331,زیستن,زیست,زی، زیو,True,True,,,False,,,
332,ژَکیدن,ژَکید,ژَک,؟,؟,,,False,,,
333,ژولیدن,ژولید,ژول,True,True,,,False,,,
334,ساختن,ساخت,ساز,True,True,,,False,,,
335,سابیدن,سابید,ساب,؟,؟,,,False,,,
336,ساییدن,سایید,سای,؟,؟,,,False,,,
337,سپاردن,سپارد,سپار,؟,؟,,,False,,,
338,سِپَردن[۸۶],سِپَرد,سِپَر,؟,؟,,,False,,,
339,سِپُردن,سِپُرد,سِپُر,؟,؟,,,False,,,
340,سُپُردن [۸۷],سُپُرد,سُپُر,؟,؟,,به انتها رساندن؛ تکمیل کردن,False,,,
341,سپوختن,سپوخت,سپوز,False,True,گذرا,تعدی کردن، تجاوز کردن، نافرمانی کردن,False,,,
342,ستادن,ستاد,ایست,؟,؟,,,False,,, واست
343,ستاندن,ستاند,ستان,؟,؟,,,False,,,
344,سِتَدن,سِتَد,سِتان,؟,؟,,,False,,,
345,سِتُردن,سِتُرد,سِتُر,؟,؟,,,False,,,
346,ستودن,ستود,ستای,؟,؟,,,False,,,
347,ستوهیدن[۸۸],ستوهید,ستوه,؟,؟,,به ستوه آمدن,False,,,
348,ستهیدن,ستهید,سته,؟,؟,,,False,,,
349,ستیهیدن/ستیزیدن,ستیهید/ستیزید,ستیه/ستیز,؟,؟,,دشمنی کردن,False,,,
350,سرشتن,سرشت,سریش,؟,؟,,,False,,,
351,سریشتن,سرشت,سریش,؟,؟,,,False,,,
352,سُرفیدن,سرفید,سرف,؟,؟,,,False,,,
353,سراییدن,سرایید,سرای,؟,؟,,,False,,,
354,سرودن,سرود,سرای,؟,؟,,,False,,,
355,سُریدن,سرید,سُر,؟,؟,,,False,,,
356,سزیدن,سزید,سزا,؟,؟,,,False,,,
357,سُفتن,سُفت,سُنب,؟,؟,,,False,,,
358,سِکالیدن,سکالید,سِکال,False,False,,,False,,,
359,سِکیزیدن [۸۹],سِکیزید,سِکیز,False,False,,برجستن؛آلیختن، جفتک انداختن,False,,,
360,سِگالیدن,سگالید,سگال,False,False,,,False,,,
361,سَمیدن,سَمید,سَم,؟,؟,,,False,,,
362,سوختن,سوخت,سوز,True,True,گذرا/ناگذرا,,سوزَن,,,
363,سودن,سود,سا,؟,؟,,,False,,,
364,سوزاندن,سوزاند,سوزان,True,True,,,False,,,
365,سهمیدن,سهمید,سهم,True,True,,,False,,,
366,شاشیدن,شاشید,شاش,True,True,,,False,,,
367,شاریدن,شارید,شار,True,True,,,False,,,
368,شایستن,شایست,شای,؟,؟,,,False,,,
369,شپلیدن [۹۰],شپلید,شپل,False,False,,سوت زدن؛ صفیر زدن,False,,,
370,شتاباندن,شتاباند,شتابان,True,True,,,False,,,
371,شتابیدن,شتابید,شتاب,True,True,,,False,,,
372,شتافتن,شتافت,شتاب,True,True,,,False,,,
373,شَخلیدن,شخلید,شَخل,؟,؟,,,False,,,
374,شخودن,شخودن,؟,True,True,,,False,,,
375,شخولیدن,شخولید,شخل/شخول,True,True,,,False,,,
376,شَخیدن,شَخید,شَخ,؟,؟,,,False,,,
377,شدن,شد,شو,True,True,,,False,,, ش
378,شستن,شست,شوی,True,True,,,False,,, شور
379,شکافتن,شکافت,شکاف,True,True,,,False,,,
380,شکافیدن,شکافید,شکاف,؟,؟,,,False,,,
381,شکاندن,شکاند,شکان,True,True,,,False,,,
382,شکستن,شکست,شکن,True,True,,,False,,,
383,شکریدن/شکردن/شکاریدن,شکرید,شکر/شکار,True,True,,,False,,,
384,شکَفتن,شکفت,؟,False,False,,,False,,,
385,شکِفتن,شکفت,؟,False,False,,,False,,,
386,شکُفتن,شکفت,شکاف,False,False,,,False,,,
387,شکافیدن,شکافید,شکاف,؟,؟,,,False,,,
388,شکنجیدن,شکنجید,شکنج,؟,؟,گذرا,شکنجه کردن,False,,,
389,شکوفیدن,شکوفید,شکوف/شکاف,؟,؟,,,False,,,
390,شُکوهیدن[۹۱],شکوهید,شکوه,؟,True,ناگذر/گذرا,اظهار بزرگی کردن؛ محترم شمردن,False,,,
391,شکیبیدن,شکیبید,شکیب,؟,؟,,,False,,,
392,شگافیدن,شگافید,شگاف,؟,؟,,,False,,,
393,شِگِفتن,شگفت,شِگِف,False,False,,,False,,,
394,شِگِفتیدن,شِگفتید,شِگِفت,؟,؟,,,False,,,
395,شگوفیدن,شگوفید,؟,؟,,,,False,,,
396,شماردن,شمارد,شمار/شمر,True,True,,,False,,,
397,شمردن,شمرد,شمار/شمر,True,True,,,False,,,
399,شناختن,شناخت,‌شناس,True,True,,,False,,,
399,شناختن,شناخت,‌شناس,True,True,,,False,,,
400,شناساندن,شناساند,شناسان,True,True,,,False,,,
401,شِنُفتن,شنفت,شنو,؟,؟,,,False,,,
402,شَنگیدن,شنگید,شَنگ,؟,؟,,,False,,,
403,شنودن,شنود,شنو,؟,؟,,,False,,,
404,شنیدن,شنید,شنو,True,True,,,False,,,
405,صرفیدن,صرفید,صرف,True,True,,,False,,,
406,طلبیدن,طلبید,طلب,True,True,,,False,,,
407,غارتیدن,غارتید,غارت,False,False,,,False,,,
408,غازیدن,غازید,غاز,False,False,,,False,,,
409,غاژیدن,غاژید,غاژ,False,False,,,False,,,
410,غُنودن,غنود,غنو,True,True,,,False,,,
411,غوتیدن[۹۲],غوتید,غوت,؟,True,گذرا,به گویش مردم تاجیک یعنی غوطه ور شدن (در آب)، فرو رفتن در آب,False,,,
412,فاریدن,فارید,فار,True,؟,,,False,,,
413,فاژیدن[۹۳][۹۴],فاژید,فاژ,True,؟,ناگذر,خمیازه کشیدن,False,,,
414,فرساییدن,فرسایید,فرسا,؟,؟,,,False,,,
415,فرستادن,فرستاد,فرست,True,True,,,False,,,
416,فرسودن,فرسود,فرسای,؟,؟,,,False,,,
417,فرمودن,فرمود,فرمای,True,True,,,False,,,
418,فرغاریدن[۹۵],فرغارید,فرغار,True,True,,,False,,,
419,فرجامیدن[۹۶],فرجامید,فرجام,True,True,,,False,,,
420,فَرخمیدن [۹۷],فَرخمید,فَرخم,True,؟,,اهتمام و دقت کردن در کار؛ حلاجی کردن,False,,,
421,فروختن,فروخت,فروش,True,True,,,False,,,
422,فریفتن,فریفت,فریب,؟,؟,,,False,,,
423,فزودن,فزود,فزای,False,True,,,False,,,
424,فِسُردن,فسرد,فسر,؟,؟,,,False,,,
425,فُسوسیدن[۹۸],فسوسید,فسوس,؟,True,,مسخره کردن؛ دریغ خوردن، اندمیدن,False,,,
426,فِشُردن,فشرد,فِشُر,؟,True,,,False,,,
427,فکندن,فکند,فکن,؟,True,,,False,,,
428,فَلخَمیدن,فلخَمید,فَلخَم,False,False,,,False,,,
429,فَلخودن,فَلخود,فَلخای,False,False,,,False,,,
430,فَلخیدن,فَلخید,فلخ,False,False,,,False,,,
431,فَلَنجیدن,فَلَنجید,فَلَنج,؟,True,,,False,,,
432,فُنودن,فُنود,فُنای,؟,True,,,False,,,
433,فهماندن,فهماند,فهمان,True,True,,,False,,,
434,فهمیدن,فهمید,فهم,True,True,,,False,,,
435,کاستن,کاست,کاه,True,True,,,False,,,
436,کاشتن,کاشت,کار,True,True,,,False,,,
437,کافتن,کافت,کاف,؟,؟,,,False,,,
438,کاویدن,کاوید,کاو,؟,؟,,,False,,,
439,کَپیدن[۹۹],کپید,کپ,؟,؟,,,False,,,
440,کردن,کرد,کن,True,True,,,False,,,
441,کِشتن,کشت,کار,؟,؟,,,False,,,
442,کُشتن,کشت,کش,True,True,,,False,,,
443,کشیدن,کشید,کش,True,True,,,False,,,
444,کَفتن,کفت,کف,False,False,,,False,,,
445,کفیدن,کفید,کف,؟,؟,,,False,,,
446,کُفتن 1,کفت,کوب,False,False,,,False,,,
447,کُفتن 2,کفت,؟,False,False,,,False,,,
448,کفیدن,کفید,کف,False,False,,,False,,,
449,کلوچیدن[۱۰۰],کلوچید,کلوچ,؟,True,,خرد کردن چیزی با دندان، دندان قروچه کردن,False,,,
450,کندن,کند,کن,True,True,,,False,,,
451,کوبیدن,کوبید,کوب,؟,؟,,,کوبن,,,
452,کوشیدن,کوشید,کوش,؟,؟,,,False,,,
453,کوفتن,کوفت,کوب,True,True,,,False,,,
454,گالیدن,گالید,گال,؟,True,,,False,,,
455,گاییدن,گایید,گای,True,True,,,False,,,
456,گُداختن,گداخت,گداز,؟,؟,,,False,,,
457,گذاردن,گذارد,گذار,True,True,,,False,,,
458,گذاشتن,گذاشت,گذار,True,True,,,False,,گزاشت, زار ذار
459,گذشتن,گذشت,گذر,True,True,,,False,,,
460,گرازیدن,گرازید,؟,False,False,,,False,,,
461,گرداندن,گرداند,گردان,True,True,,,False,,,
462,گرفتن,گرفت,گیر,True,True,,,False,,,
463,گرویدن,گروید,گرو,True,True,,ایمان آوردن، باوریدن,False,,,
464,گریاندن,گریاند,گریان,True,True,,,False,,,
465,گریختن,گریخت,گریز,True,True,,,False,,,
466,گریستن,گریست,‌گری,True,True,,,False,,,
467,گزاردن,گزارد,گزار,؟,؟,,,False,,,
468,گَزیدن,گَزید,گَز,؟,؟,,,False,,,
469,گُزیدن,گُزید,گُزین,True,True,,,False,,,
470,گُزیریدن/گزیردن[۱۰۱],گزیرید/گزیرد,گزیر,True,True,,چاره جویی کردن، تصمیم گرفتن,False,,,
471,گُساردن,گسارد,گسار,False,True,,,False,,,
472,گُستراندن,گُستراند,گُستران,True,True,,,False,,,
473,گُستَردن,گُسترد,گُستر,True,True,,,False,,,
474,گُسستن,گسست,گسل,؟,؟,,,False,,,
475,گُسیختن,گسیخت,گسل,؟,؟,,,False,,,
476,گُسیلاندن,گسیلاند,گسیلان,False,False,,,False,,,
477,گُسیلیدن,گسیلید,گسیل,False,False,,,False,,,
478,گشادن,گشاد,گشا,؟,؟,,,False,,,
479,گشتن,گشت,گرد,True,True,,,False,,,
480,گشودن,گشود,گشای,False,True,,,False,,,
481,گفتن,گفت,گوی,True,True,,,False,,, گ
482,گُماردن,گمارد,گمار,False,True,,,False,,,
483,گُماشتن,گماشت,گمار,؟,؟,,,False,,,
484,گمیختن[۱۰۲],گمیخت,گمیز,؟,؟,,,False,,,
485,گندیدن,گندید,گند,True,True,,,False,,,
486,گنجیدن,گنجید,گنج,True,True,,,False,,,
488,گواژیدن[۱۰۳],گواژید,گواژ,True,True,,طعنه زدن,False,,,
488,گواژیدن[۱۰۳],گواژید,گواژ,True,True,,طعنه زدن,False,,,
489,گوالیدن[۱۰۴],گوال,گوال,True,True,,,False,,,
490,گوزیدن,گوزید,گوز,True,True,,,False,,,
491,لابیدن[۱۰۵],لابید,لاب,؟,؟,,التماس کردن,False,,,
492,لاغریدن,لاغرید,لاغر,؟,؟,,,False,,,
493,لاشیدن,لاشید,لاش,؟,؟,,,False,,,
494,لافیدن[۱۰۶],لافید,لاف,؟,؟,,لاف زدن، گزافه گفتن,False,,,
495,لَخشیدن,لَخشید,لَخش,؟,؟,,,False,,,
496,لِستن,لست,لیس,؟,؟,,,False,,,
497,لِشتن[۱۰۷],لشت,لیس,True,؟,,,False,,,
498,لَشتن,لشت,؟,؟,,,,False,,,
499,لغزیدن,لغزید,لغز,؟,؟,,,False,,,
500,لُمباندن[۱۰۸],لمباند,لمبان,True,؟,,,False,,,
501,لُمباندن[۱۰۹],لمباند,لمبان,True,؟,,,False,,,
502,لُمبیدن[۱۱۰],لُمبید,لمب,True,True,,,False,,,
503,لَنگیدن,لنگید,لَنگ,؟,؟,,,False,,,
504,لِهیدن,لهید,لِه,؟,؟,,,False,,,
505,لیسیدن,لیسید,لیس,؟,؟,,,False,,,
506,لیشتن,لیشت,لیس,؟,؟,,,False,,,
507,ماسیدن,ماسید,ماس,True,True,,,False,,,
508,مالاندن,مالاند,مالان,؟,؟,,,False,,,
509,مالیدن,مالید,مال,؟,؟,,,False,,,
510,ماندن,ماند,مان,؟,؟,,,False,, موند,
511,مانستن[۱۱۱],مانست,مان,؟,؟,,,False,,,
512,مانیدن,مانید,مان,؟,؟,,,False,,, مون
513,مُردن,مرد,میر,؟,؟,,,False,,,
514,مُشتن,مشت,مال,؟,؟,,,False,,,
515,مولیدن[۱۱۲],مولید,مول,False,False,,درنگ کردن، تأخیر نمودن,False,,,
516,موییدن,مویید,موی,False,False,,,False,,,
517,میراندن,میراند,میران,True,True,,,False,,,
518,میزیدن,می‌زید,میز,؟,؟,گذرا,,False,,,
519,نازیدن,نازید,ناز,؟,؟,,,False,,,
520,ناسیدن[۱۱۳],ناسید,ناس,؟,؟,,لاغر شدن، ضعیف شدن,False,,,
521,نالیدن,نالید,نال,؟,؟,,,False,,,
522,ناویدن,ناوید,ناو,؟,؟,,,False,,,
523,نامیدن,نامید,نام,؟,؟,,,False,,,
524,نپاهیدن*[۱۱۴],نپاهید,نپاه,؟,؟,,,False,,,
525,نشاستن,نشاست,نشا,؟,؟,,,False,,,
526,نشاندن,نشاند,نشان,؟,؟,,,False,,,
527,نشستن,نشست,‌نشین,True,True,,,False,,,شین
528,نِفْریدن[۱۱۵],نفرید,نفرین,؟,True,گذرا,,False,,,
529,نگاشتن,نگاشت,نگار,؟,؟,,,False,,,
530,نگریستن,نگریست,نگر,True,True,,,False,,,
531,نمودن,نمود,نمای,True,True,,,False,,,
532,نواختن,نواخت,نواز,؟,؟,,,False,,,
533,نَوردیدن,نوردید,نورد,؟,؟,گذرا,طی کردن و درهم پیچیدن,نَوَردَن [۱۱۶],,,
534,نَوَشتن[۱۱۷],نَوَشت,نَوَرد,؟,؟,,,False,,,
535,نِوِشتن,نِوِشت,‌نویس,؟,؟,,,False,,,
536,نوشیدن,نوشید,نوش,False,True,,,False,,,
537,نهادن,نهاد,نه,True,True,,,False,,,
538,نهاندن,نهاند,نهان,True,True,,,False,,,
539,نهشتن,نهشت,نه,؟,؟,,,False,,,
540,نهفتن,نهفت,نهنب,True,True,,,نهنبَن[۱۱۸],,,
541,نهیبیدن[۱۱۹],نهیبید,نهیب,؟,True,گذرا,ترسیدن؛ نهیب زدن,False,,,
542,نیازیدن,نیازیدن,نیاز,؟,؟,گذرا,درخواست کردن، محتاج بودن به چیزی,False,,,
543,نیشیدن,نیشید,نیش,؟,؟,,,False,,,
544,نیوشیدن[۱۲۰],نیوشید,نیوش,؟,؟,,,False,,,
545,وابُردن,وابُرد,وابَر,True,True,,,False,,,
546,وابستن,وابست,وابند,True,True,,,False,,,
547,واخواستن,واخواست,واخواه,True,True,,,False,,,
548,واخواندن,واخواند,واخوان,True,True,,,False,,,
549,واخیدن,واخید,واخ,True,True,,حلاجی کردن,False,,,
550,وادادن,واداد,واده,True,True,,,False,,,
551,وارسیدن,وارسید,وارس,؟,؟,,,False,,,
552,واریدن,وارید,وار,True,True,,,False,,,
553,وازدن,وازد,وازن,True,True,,,False,,,
554,واساختن,واساخت,واساز,True,True,,,False,,,
555,واسِپُردن,واسِپُرد,واسِپُر,True,True,,,False,,,
556,واسوختن,واسوخت,واسوز,True,True,,,False,,,
557,واشکافتن,واشکافت,واشکاف,True,True,,,False,,,
558,واشِمُردن,واشِمُرد,واشِمُر,True,True,,,False,,,
559,واشناختن,واشناخت,واشناس,True,True,,,False,,,
560,واشَمیدن* [۵۵],واشمید,واشم,؟,True,گذرا,,False,,,
561,واکاویدن,واکاوید,واکاو,True,True,,,False,,,
562,واکشیدن,واکشید,واکش,True,True,,,False,,,
563,واکوفتن,واکوفت,واکوب,True,True,,,False,,,
564,واگذاشتن,واگذاشت,واگذار,True,True,,,False,,,
565,واگفتن,واگفت,واگوی,True,True,,,False,,,
566,واگندن,واگند,واگن,True,True,,,False,,,
567,وانهادن,وانهاد,وانِه,True,True,,,False,,,
568,واهِشتن,واهِشت,واهِل,True,True,,,False,,,
569,ورافتادن,ورافتاد,وراُفت,True,True,,,False,,,
570,ورانداختن,ورانداخت,ورانداز,True,True,,,False,,,
571,ورپریدن,واپرید,ورپَر,True,True,,,False,,,
572,وررفتن,وررفت,وررو,True,True,,,False,,,
573,ورزیدن,ورزید,ورز,True,True,,,False,,,
574,ورتیدن,ورتید,ورت,True,True,,,False,,,
575,وردیدن,وردید,ورد,True,True,,,وَردَنه [۱۲۱],,,
576,ورنگریستن,ورنگریست,ورنگر,True,True,,,False,,,
577,وزیدن,وزید,وز,True,True,,,False,,,
578,وَشکَریدن/وَشکَردن[۱۲۲],وَشکرید/وشکرد,وَشکر,False,True,,کاری را به چابکی کردن؛ با تجربه کاری را انجامیدن,False,,,
579,وشکولیدن[۱۲۳],وشکولید,وشکول,False,True,,کاری را به چابکی کردن؛ با تجربه کاری را انجامیدن,False,,,
580,وَشتن,وشت,وَس,True,True,,,False,,,
581,ویراستن,ویراست,ویرای,True,True,,,False,,,
582,هراسیدن,هراسید,هراس,؟,؟,,,False,,,
583,هشتن,هشت,هل,؟,؟,,,False,,,
584,هِلیدن,هلید,هل,True,؟,,,False,,,
585,یاختن 1,یاخت,یاز,؟,؟,,,False,,,
586,یارستن,یارست,یار,؟,؟,,,False,,,
587,یازیدن,یازید,یاز,؟,؟,,,False,,,
588,یافتن,یافت,یاب,True,True,,,False,,,
589,یوختن,یوخت,یوز,True,True,,,False,,,
589,برداشتن,برداشت,دار,True,True,,,False,,,
589,بردارن,بردار,دار,True,True,,,False,,,
